Images,Class
4,Attire
7,misc
10,Food
11,Decorationandsignage
13,Decorationandsignage
15,Food
16,Decorationandsignage
17,Attire
20,Food
23,Food
25,Food
26,Attire
27,misc
28,Decorationandsignage
30,misc
33,Decorationandsignage
35,Attire
36,Decorationandsignage
42,Decorationandsignage
43,misc
45,Food
46,Attire
52,Attire
53,Food
60,Attire
61,Decorationandsignage
64,Attire
65,Attire
66,Food
67,misc
69,Decorationandsignage
70,Decorationandsignage
71,Attire
77,Attire
78,Attire
79,Food
80,Food
83,Attire
86,Decorationandsignage
87,Attire
88,Attire
89,Decorationandsignage
90,Food
91,misc
92,Food
94,Food
97,misc
103,Food
105,Food
106,Food
110,misc
111,Decorationandsignage
115,misc
116,Attire
118,misc
121,Attire
123,Attire
124,Decorationandsignage
127,misc
128,Food
129,Decorationandsignage
134,Attire
135,Attire
137,misc
138,Attire
139,Attire
142,Food
144,Food
150,Food
158,Food
161,Decorationandsignage
162,Attire
165,Food
172,Food
177,Decorationandsignage
180,Attire
184,Food
186,Attire
187,misc
189,Decorationandsignage
191,Food
192,Food
193,Food
196,Attire
198,misc
199,Attire
200,Decorationandsignage
210,Attire
211,misc
219,Food
220,misc
222,Food
225,Food
227,Food
228,Decorationandsignage
229,Attire
231,Food
233,Food
236,misc
237,misc
240,Attire
245,Food
246,Attire
247,Food
248,Food
250,Food
253,Food
258,misc
259,Food
260,Attire
261,Attire
262,Attire
263,Food
268,Decorationandsignage
273,Food
274,misc
276,Attire
277,Attire
281,Food
283,Attire
285,Decorationandsignage
288,Attire
289,Attire
290,Food
293,Attire
295,Attire
299,Attire
300,Food
301,Food
302,Attire
305,misc
310,Attire
311,Decorationandsignage
315,Food
316,misc
319,Food
320,Decorationandsignage
322,misc
326,Food
327,misc
328,Food
330,Food
331,Attire
332,Food
333,misc
334,Decorationandsignage
337,Attire
341,Food
342,misc
345,Food
348,Attire
351,Attire
354,Attire
356,Food
358,Decorationandsignage
359,Decorationandsignage
366,misc
369,Decorationandsignage
376,Attire
383,Attire
384,Attire
385,misc
391,Attire
392,Attire
395,Food
398,Attire
400,Decorationandsignage
402,misc
404,Food
405,misc
406,Decorationandsignage
407,Decorationandsignage
412,Food
413,Food
414,Attire
418,Attire
420,Decorationandsignage
421,Food
422,Food
428,Attire
429,Attire
431,Food
433,Attire
436,Food
440,Attire
442,Decorationandsignage
443,Attire
447,Food
449,Attire
464,Food
466,Attire
471,misc
472,Attire
474,Food
477,Attire
479,misc
481,misc
482,Decorationandsignage
486,Attire
487,misc
489,Attire
491,Attire
496,Food
501,Decorationandsignage
504,misc
506,Food
508,Attire
509,Food
510,Attire
520,misc
521,Food
522,Attire
525,Food
526,Food
529,Attire
533,misc
535,Food
539,Decorationandsignage
542,Decorationandsignage
544,Food
550,Attire
553,Attire
556,Attire
557,Attire
558,Food
559,Food
562,Food
570,misc
574,misc
575,Attire
577,misc
579,Attire
582,Attire
584,Attire
585,misc
586,Attire
587,Attire
588,Food
590,Food
592,Food
596,misc
598,Attire
599,Decorationandsignage
602,misc
603,Food
604,misc
606,Attire
608,Attire
610,Decorationandsignage
611,Attire
612,Food
615,Food
616,misc
617,Attire
618,Food
619,Food
622,Food
624,Attire
625,Attire
627,Food
628,misc
629,Food
635,Food
640,misc
641,Attire
642,Attire
644,misc
650,misc
651,Food
653,Decorationandsignage
654,Attire
655,Attire
657,Food
659,misc
661,misc
663,Food
666,Food
669,Decorationandsignage
671,misc
672,Decorationandsignage
674,Attire
679,Food
680,Decorationandsignage
684,Attire
690,Attire
691,Decorationandsignage
693,Attire
694,Food
695,Food
696,Attire
697,Food
698,Attire
700,misc
702,Food
703,Food
704,Decorationandsignage
706,Decorationandsignage
708,Food
709,Decorationandsignage
711,Food
715,Attire
716,Attire
718,Food
719,Attire
720,Attire
724,Food
726,Food
727,Attire
728,Food
729,Food
731,Decorationandsignage
734,Food
735,Food
737,Attire
739,misc
747,misc
748,Food
752,Decorationandsignage
755,misc
756,Attire
757,Attire
758,Food
760,misc
764,Decorationandsignage
765,Food
771,Attire
778,misc
780,Food
785,Attire
786,misc
787,misc
789,Attire
790,Food
791,Attire
795,Attire
798,Decorationandsignage
801,Attire
804,Food
805,Food
809,Attire
815,Attire
816,Attire
817,Attire
820,Attire
821,Attire
829,misc
831,Decorationandsignage
834,Food
836,Food
843,Attire
849,Food
850,Attire
851,Food
853,misc
854,misc
857,misc
858,Decorationandsignage
859,Attire
863,Food
868,Decorationandsignage
874,misc
876,misc
881,Attire
882,Food
886,misc
887,Decorationandsignage
888,Attire
889,misc
893,Food
894,misc
897,Attire
898,misc
900,Food
901,Attire
902,Decorationandsignage
906,Attire
907,misc
908,Decorationandsignage
909,Food
910,Attire
911,Food
912,misc
915,Decorationandsignage
916,Attire
918,misc
919,Decorationandsignage
920,Food
921,Attire
922,Decorationandsignage
924,misc
925,Food
930,misc
931,Attire
932,misc
936,misc
937,Food
940,Attire
942,Food
943,Attire
944,Attire
945,Attire
947,Decorationandsignage
950,Food
952,misc
958,Food
959,Food
960,Decorationandsignage
961,misc
966,misc
969,misc
970,Food
971,Food
972,misc
975,Food
976,Attire
978,Food
981,Attire
982,Decorationandsignage
983,Decorationandsignage
984,misc
985,misc
987,Food
997,Food
999,Food
1001,misc
1002,Food
1005,Food
1012,Food
1019,misc
1021,misc
1023,Attire
1025,Decorationandsignage
1028,Food
1029,misc
1030,Food
1032,Food
1041,misc
1045,Attire
1046,Food
1048,Attire
1060,Attire
1061,misc
1062,misc
1063,Attire
1066,Decorationandsignage
1067,Attire
1068,Attire
1069,Decorationandsignage
1073,Food
1080,Attire
1081,Attire
1086,misc
1088,Food
1089,Attire
1090,Food
1093,Attire
1094,Food
1095,Food
1097,Decorationandsignage
1101,Attire
1104,Decorationandsignage
1105,Food
1106,misc
1109,Food
1110,Decorationandsignage
1113,Attire
1114,Decorationandsignage
1115,Food
1119,Food
1125,misc
1127,Attire
1129,Attire
1130,Attire
1132,misc
1133,Food
1134,Decorationandsignage
1136,Decorationandsignage
1139,Food
1145,Food
1147,Food
1148,Food
1150,misc
1154,Food
1155,misc
1156,misc
1157,Food
1158,Decorationandsignage
1159,Food
1160,Food
1164,Attire
1166,Decorationandsignage
1167,misc
1169,Food
1170,Attire
1171,misc
1172,Attire
1173,Attire
1174,Attire
1176,misc
1177,misc
1179,Attire
1183,Decorationandsignage
1184,Food
1187,Attire
1191,Food
1194,Food
1197,Food
1200,misc
1201,Attire
1204,Decorationandsignage
1205,Attire
1208,misc
1210,Decorationandsignage
1211,Food
1212,Attire
1213,Food
1214,Food
1216,misc
1217,misc
1218,misc
1221,Decorationandsignage
1222,Food
1225,Food
1226,Attire
1227,Decorationandsignage
1228,Food
1230,Attire
1233,misc
1234,Food
1239,Attire
1241,Food
1242,Attire
1244,Decorationandsignage
1249,Attire
1252,Attire
1254,Attire
1255,Attire
1257,misc
1261,Decorationandsignage
1264,Decorationandsignage
1265,Food
1266,Attire
1272,Food
1273,Food
1274,Food
1275,Attire
1278,Decorationandsignage
1279,misc
1282,misc
1285,Attire
1286,Food
1289,Decorationandsignage
1290,Attire
1292,Attire
1293,Food
1295,Food
1299,Food
1300,Decorationandsignage
1301,Attire
1302,misc
1304,Food
1305,Attire
1307,misc
1309,misc
1310,Attire
1313,Food
1314,Attire
1315,Food
1317,Food
1322,Attire
1324,Attire
1326,misc
1327,Attire
1329,misc
1334,Food
1336,Food
1337,Attire
1344,Decorationandsignage
1345,Attire
1347,Attire
1348,Food
1349,Decorationandsignage
1350,Attire
1352,misc
1353,Food
1354,Decorationandsignage
1357,Attire
1363,Decorationandsignage
1366,misc
1369,Food
1371,Decorationandsignage
1380,Decorationandsignage
1381,Attire
1382,misc
1383,Attire
1384,Food
1387,Decorationandsignage
1388,Attire
1394,misc
1396,Attire
1397,Attire
1398,Food
1402,Food
1403,Attire
1404,Attire
1406,Attire
1407,Attire
1408,Decorationandsignage
1411,Food
1415,Attire
1416,Food
1419,misc
1422,Attire
1424,Decorationandsignage
1427,Attire
1428,Attire
1434,Attire
1435,Food
1438,Food
1441,Food
1442,misc
1443,Food
1444,Attire
1445,Food
1446,Attire
1448,Food
1451,misc
1459,misc
1462,Food
1463,Food
1467,Food
1472,Food
1473,misc
1474,Decorationandsignage
1482,Decorationandsignage
1483,Food
1484,misc
1485,Food
1487,Attire
1488,Decorationandsignage
1495,Attire
1499,Attire
1502,Food
1504,Food
1505,Food
1506,Attire
1507,Food
1509,misc
1510,Decorationandsignage
1511,misc
1513,Attire
1515,Food
1520,Food
1526,Decorationandsignage
1527,Food
1528,Food
1529,Decorationandsignage
1531,Decorationandsignage
1533,Decorationandsignage
1536,Attire
1538,misc
1542,Food
1543,Attire
1547,Food
1548,Food
1555,Attire
1557,misc
1561,Decorationandsignage
1564,misc
1566,Attire
1567,misc
1568,Food
1574,Attire
1581,Attire
1582,misc
1583,Food
1584,misc
1585,Food
1587,Food
1589,Decorationandsignage
1592,misc
1596,misc
1605,Food
1606,Decorationandsignage
1610,Food
1611,Attire
1614,Food
1615,Food
1616,Food
1617,misc
1619,Attire
1620,Food
1621,misc
1622,Decorationandsignage
1626,Decorationandsignage
1630,misc
1632,Food
1633,Food
1634,Food
1635,Food
1637,misc
1638,Food
1640,misc
1645,misc
1648,Decorationandsignage
1651,Attire
1655,Food
1656,Decorationandsignage
1659,Decorationandsignage
1660,Attire
1661,Attire
1663,misc
1668,misc
1672,Attire
1676,Food
1678,Food
1680,Decorationandsignage
1683,misc
1693,misc
1694,Decorationandsignage
1697,Food
1698,Food
1700,Decorationandsignage
1701,Attire
1702,Food
1704,Food
1707,Decorationandsignage
1709,Food
1710,Food
1713,Food
1717,Attire
1719,Attire
1723,Food
1725,Attire
1726,Attire
1727,misc
1728,Attire
1733,Attire
1735,misc
1739,misc
1741,Attire
1743,misc
1744,Attire
1746,Food
1749,Attire
1750,misc
1755,misc
1757,Food
1758,Decorationandsignage
1759,misc
1769,Decorationandsignage
1772,Decorationandsignage
1779,Attire
1782,Food
1786,Food
1787,Attire
1789,Food
1792,Decorationandsignage
1798,Attire
1802,Attire
1805,Food
1807,misc
1808,Attire
1810,misc
1814,Food
1817,misc
1818,misc
1820,Food
1823,misc
1824,Attire
1833,Attire
1834,Decorationandsignage
1835,Decorationandsignage
1836,Decorationandsignage
1838,Decorationandsignage
1839,Attire
1841,misc
1842,Attire
1843,Attire
1844,Attire
1845,Attire
1849,Food
1851,Attire
1852,Attire
1854,Decorationandsignage
1859,misc
1860,Food
1861,misc
1862,Food
1863,Food
1865,Food
1868,Food
1873,Food
1875,misc
1876,misc
1878,Food
1882,misc
1884,Attire
1885,misc
1888,Attire
1891,Food
1892,Decorationandsignage
1893,Decorationandsignage
1894,Attire
1900,Food
1901,misc
1903,misc
1904,misc
1905,Attire
1907,Food
1908,misc
1911,Food
1912,Food
1914,Food
1916,Attire
1921,Food
1923,misc
1925,Attire
1930,Attire
1931,misc
1933,Food
1934,Decorationandsignage
1935,Food
1936,Food
1939,Attire
1941,Food
1946,misc
1947,Decorationandsignage
1949,Food
1951,misc
1952,misc
1953,Food
1955,misc
1957,Food
1965,misc
1967,Attire
1972,Food
1973,Decorationandsignage
1975,Food
1976,Food
1977,Food
1986,Food
1989,Attire
1991,Food
1995,Attire
1996,misc
1997,Food
1998,Decorationandsignage
1999,Attire
2000,misc
2002,misc
2004,Food
2005,misc
2008,Attire
2010,Food
2012,Food
2014,Attire
2016,Food
2017,Food
2018,Food
2019,misc
2020,Attire
2025,Food
2026,Food
2027,Food
2029,Food
2030,Attire
2031,Food
2033,misc
2036,Decorationandsignage
2037,Food
2040,misc
2042,Attire
2043,misc
2047,Food
2050,misc
2051,misc
2055,Food
2056,Attire
2057,Food
2063,Attire
2065,Attire
2067,Attire
2069,Food
2070,Decorationandsignage
2071,Decorationandsignage
2072,Food
2073,Food
2075,Food
2077,Food
2078,Attire
2080,Food
2081,Food
2082,Attire
2083,misc
2086,misc
2087,Food
2088,Food
2090,Food
2093,Attire
2097,misc
2099,misc
2100,Attire
2101,Food
2102,Attire
2103,Decorationandsignage
2104,Food
2105,misc
2108,Food
2110,Food
2112,Attire
2113,Decorationandsignage
2115,Decorationandsignage
2117,Food
2119,Food
2120,Food
2124,Attire
2125,misc
2127,misc
2128,Attire
2136,Food
2140,Food
2141,Food
2144,misc
2150,Food
2151,Attire
2156,Decorationandsignage
2157,misc
2160,Attire
2162,misc
2163,Food
2166,Decorationandsignage
2168,Attire
2170,misc
2173,Food
2176,misc
2178,Attire
2181,Attire
2182,Food
2183,Food
2185,misc
2186,Food
2187,misc
2188,Food
2190,Food
2193,Food
2195,misc
2196,Attire
2197,Attire
2198,misc
2201,Decorationandsignage
2202,Attire
2204,Attire
2206,Attire
2208,Attire
2209,misc
2210,misc
2212,Food
2213,misc
2214,misc
2215,Attire
2218,Food
2219,Decorationandsignage
2223,Decorationandsignage
2224,Food
2225,Attire
2228,Food
2229,Food
2230,Decorationandsignage
2234,Food
2235,Attire
2236,Food
2241,Attire
2244,Food
2245,Decorationandsignage
2247,misc
2248,Attire
2249,Attire
2251,Food
2254,Attire
2255,Food
2257,misc
2259,misc
2260,misc
2261,Food
2262,Attire
2263,Attire
2266,Attire
2267,Decorationandsignage
2268,Food
2269,Attire
2270,Attire
2271,misc
2272,Food
2273,misc
2277,Attire
2282,Attire
2283,Attire
2285,Decorationandsignage
2288,misc
2290,Food
2291,misc
2293,Decorationandsignage
2294,Decorationandsignage
2295,Attire
2296,Attire
2300,Food
2301,misc
2302,misc
2303,Decorationandsignage
2304,misc
2307,Attire
2309,misc
2310,misc
2311,Attire
2312,Attire
2315,Food
2316,Attire
2318,Attire
2319,misc
2321,misc
2322,misc
2324,Food
2332,Food
2334,misc
2336,Food
2341,misc
2345,Attire
2346,Attire
2347,Attire
2348,Attire
2350,Food
2351,Attire
2353,misc
2355,Food
2356,Food
2358,Food
2361,Decorationandsignage
2362,Food
2364,misc
2366,Food
2367,Attire
2369,Attire
2373,Food
2377,Food
2378,misc
2379,Food
2380,Food
2381,Decorationandsignage
2383,Attire
2384,Decorationandsignage
2388,Food
2389,Decorationandsignage
2392,Food
2394,Decorationandsignage
2395,Attire
2396,Food
2397,Decorationandsignage
2398,Attire
2401,Food
2402,Decorationandsignage
2403,Food
2404,Food
2405,Attire
2407,misc
2408,Attire
2409,Food
2413,misc
2415,Attire
2416,Decorationandsignage
2418,Attire
2419,Food
2420,misc
2424,Food
2429,Food
2433,Decorationandsignage
2434,Decorationandsignage
2438,misc
2439,Attire
2443,misc
2447,Attire
2449,Food
2450,Food
2451,Food
2452,misc
2453,Food
2454,Decorationandsignage
2455,Food
2458,misc
2459,misc
2460,Food
2462,Food
2463,Food
2464,Food
2466,Food
2469,Food
2470,Decorationandsignage
2472,Food
2473,Decorationandsignage
2474,Food
2476,Attire
2477,Attire
2478,Attire
2480,Food
2481,misc
2482,misc
2484,Decorationandsignage
2485,Food
2486,Attire
2488,Food
2491,Food
2492,misc
2494,Food
2496,Attire
2498,Food
2499,Food
2501,Decorationandsignage
2502,Food
2508,Food
2512,misc
2514,Decorationandsignage
2515,Decorationandsignage
2516,Food
2517,Food
2519,Attire
2523,Food
2525,Decorationandsignage
2526,Food
2527,Food
2529,misc
2530,misc
2532,Attire
2533,Food
2534,Food
2535,Food
2536,Food
2537,misc
2538,misc
2541,Attire
2542,Attire
2545,Food
2546,Attire
2547,Food
2553,Food
2554,Food
2555,Attire
2556,Food
2557,misc
2560,misc
2561,Decorationandsignage
2562,Decorationandsignage
2563,misc
2564,Attire
2567,Food
2569,Food
2571,Attire
2572,Attire
2573,Food
2574,Food
2576,Attire
2577,misc
2578,Attire
2581,Decorationandsignage
2584,misc
2587,Attire
2588,Attire
2589,Attire
2590,misc
2591,Attire
2592,misc
2594,misc
2598,Attire
2599,misc
2600,Attire
2603,Food
2604,Food
2606,Food
2607,Decorationandsignage
2609,misc
2614,Food
2616,Food
2617,misc
2618,misc
2620,Food
2622,Attire
2625,Decorationandsignage
2626,Food
2628,Food
2629,misc
2631,Decorationandsignage
2632,Attire
2635,misc
2637,Attire
2642,Decorationandsignage
2644,Food
2645,Attire
2646,Attire
2647,misc
2648,Attire
2651,Attire
2652,Attire
2654,Decorationandsignage
2655,Attire
2656,misc
2657,Decorationandsignage
2658,Decorationandsignage
2660,Attire
2661,Food
2662,misc
2663,Food
2664,Food
2667,Food
2673,Food
2674,Attire
2676,Food
2677,Food
2678,Attire
2679,Attire
2680,misc
2683,Food
2685,Decorationandsignage
2686,Food
2687,Attire
2688,Food
2689,Food
2691,Food
2693,Attire
2694,misc
2696,Attire
2697,Decorationandsignage
2698,Food
2703,Food
2704,Decorationandsignage
2709,Attire
2712,Food
2714,Attire
2716,Food
2717,Food
2718,Food
2720,Attire
2724,Decorationandsignage
2725,Food
2733,misc
2734,misc
2735,Decorationandsignage
2737,misc
2743,Food
2744,Attire
2746,Attire
2752,Food
2754,Decorationandsignage
2758,Attire
2760,Food
2761,Food
2766,misc
2768,Attire
2770,misc
2771,Food
2775,Attire
2779,misc
2780,Food
2782,Attire
2783,Food
2784,Food
2785,Food
2786,Attire
2787,Attire
2788,Food
2791,misc
2792,Food
2793,Attire
2796,Food
2798,Attire
2799,misc
2802,Attire
2803,Food
2807,Food
2808,Attire
2809,Food
2812,Attire
2813,Food
2816,misc
2819,Attire
2820,Attire
2821,Attire
2822,Attire
2825,Food
2826,Decorationandsignage
2827,misc
2828,Food
2829,Decorationandsignage
2830,Food
2831,Attire
2832,Decorationandsignage
2836,Attire
2839,Attire
2840,Food
2841,Food
2842,Food
2843,Attire
2844,Attire
2845,misc
2847,Food
2849,misc
2851,Decorationandsignage
2852,Decorationandsignage
2854,Attire
2855,Decorationandsignage
2858,Attire
2859,Food
2860,misc
2861,Food
2862,Food
2865,Food
2871,Attire
2872,Food
2874,Decorationandsignage
2880,Attire
2881,Food
2882,Food
2883,Attire
2886,misc
2887,Attire
2889,Food
2890,Attire
2892,Decorationandsignage
2893,Decorationandsignage
2895,Attire
2898,misc
2899,Decorationandsignage
2901,misc
2902,Food
2903,Food
2904,Attire
2905,Food
2906,Food
2907,Attire
2909,Food
2913,Food
2915,Food
2917,Food
2923,misc
2927,Food
2929,Decorationandsignage
2930,Attire
2931,Food
2933,Attire
2935,Food
2936,misc
2939,misc
2942,Attire
2944,Decorationandsignage
2946,Food
2948,misc
2950,Food
2952,Decorationandsignage
2954,Attire
2957,Decorationandsignage
2961,Decorationandsignage
2965,misc
2966,misc
2967,misc
2968,Food
2970,Food
2971,misc
2973,Decorationandsignage
2975,misc
2978,Attire
2979,misc
2980,misc
2981,Attire
2985,Attire
2987,Food
2990,misc
2991,Decorationandsignage
2992,Food
2993,Attire
2994,Food
2996,Food
2997,Food
2998,Food
2999,misc
3000,Decorationandsignage
3002,Food
3003,Food
3008,Food
3009,Attire
3012,misc
3013,Food
3017,misc
3020,Attire
3022,misc
3027,Attire
3030,Food
3031,Food
3034,Attire
3035,Attire
3036,Food
3038,misc
3042,Food
3043,Attire
3044,Food
3045,Attire
3046,misc
3048,Food
3049,misc
3051,misc
3053,misc
3054,Food
3060,Attire
3061,misc
3065,Food
3066,Attire
3067,Food
3068,misc
3070,Decorationandsignage
3071,Food
3072,misc
3074,Attire
3075,Decorationandsignage
3076,Food
3077,Food
3078,Food
3080,misc
3088,Food
3089,Decorationandsignage
3091,Decorationandsignage
3098,Attire
3099,Attire
3100,Food
3101,misc
3104,Decorationandsignage
3107,misc
3110,Food
3111,Attire
3113,Decorationandsignage
3114,Food
3115,Food
3118,Food
3120,Decorationandsignage
3121,Decorationandsignage
3123,Food
3125,Decorationandsignage
3129,Food
3130,misc
3132,misc
3134,Attire
3135,misc
3137,misc
3138,misc
3139,Attire
3140,Food
3148,Decorationandsignage
3149,Attire
3151,Food
3154,Attire
3155,Decorationandsignage
3156,Attire
3157,Decorationandsignage
3158,Attire
3159,misc
3161,misc
3162,misc
3163,Attire
3164,Attire
3165,Food
3169,Food
3170,Food
3172,Attire
3175,Food
3180,Attire
3182,misc
3184,Attire
3186,Attire
3187,Attire
3188,misc
3189,Food
3190,Food
3191,misc
3195,Attire
3200,Attire
3201,misc
3203,Attire
3206,misc
3207,Food
3209,misc
3210,misc
3212,Attire
3213,misc
3217,Food
3219,misc
3220,Food
3222,Attire
3223,misc
3225,Attire
3226,misc
3229,Attire
3230,Decorationandsignage
3232,Food
3236,Food
3241,misc
3242,Attire
3247,Food
3249,misc
3251,Attire
3253,Food
3254,Food
3255,Attire
3257,Food
3258,Food
3259,misc
3261,Decorationandsignage
3262,Attire
3263,Food
3264,Food
3265,misc
3267,Food
3273,Attire
3281,misc
3282,Attire
3286,Food
3287,Food
3291,Attire
3292,misc
3293,Attire
3295,misc
3296,misc
3298,Attire
3303,Attire
3304,Attire
3306,misc
3308,misc
3310,Food
3313,misc
3314,Food
3315,misc
3318,misc
3323,misc
3325,Attire
3327,misc
3330,Food
3331,Food
3333,Food
3334,Food
3336,Decorationandsignage
3339,Attire
3341,Attire
3342,Food
3343,Food
3346,Decorationandsignage
3350,misc
3351,misc
3355,Food
3360,Food
3361,misc
3364,Food
3365,Food
3366,misc
3372,misc
3373,Attire
3374,Food
3379,misc
3381,misc
3383,Attire
3384,Food
3386,Attire
3389,Attire
3394,Attire
3397,Food
3400,Food
3401,Attire
3403,Food
3407,misc
3408,Food
3412,Attire
3413,misc
3414,Attire
3415,Attire
3416,Decorationandsignage
3418,Food
3419,Decorationandsignage
3424,misc
3433,Food
3435,Attire
3438,Food
3439,misc
3443,Food
3447,misc
3450,Attire
3451,Food
3453,Attire
3456,Food
3457,Food
3458,Attire
3459,misc
3461,misc
3462,Decorationandsignage
3465,Food
3466,Food
3467,misc
3468,Food
3469,Attire
3474,Food
3475,Food
3476,Food
3477,misc
3479,Food
3484,misc
3485,misc
3487,Food
3488,Decorationandsignage
3489,Food
3490,misc
3492,Attire
3493,misc
3495,misc
3497,Decorationandsignage
3498,Attire
3499,misc
3502,misc
3504,Attire
3506,Food
3508,Attire
3509,misc
3512,Attire
3513,Attire
3514,misc
3517,misc
3518,Attire
3519,Food
3520,Food
3521,Food
3522,Food
3523,Attire
3524,Attire
3526,misc
3528,Food
3530,Food
3531,Attire
3533,misc
3534,Attire
3535,misc
3539,Decorationandsignage
3542,Food
3545,Food
3546,Food
3547,Food
3549,misc
3553,Attire
3555,Food
3558,Decorationandsignage
3559,Food
3564,misc
3568,Attire
3572,Attire
3573,Food
3576,Attire
3578,misc
3582,misc
3583,Attire
3584,Decorationandsignage
3585,misc
3587,Attire
3588,Food
3589,Attire
3590,Attire
3596,Food
3598,Decorationandsignage
3599,Food
3601,Food
3602,Decorationandsignage
3603,misc
3605,Food
3606,Food
3607,Food
3609,misc
3611,misc
3612,Attire
3613,Food
3617,Food
3620,Attire
3622,Food
3623,Decorationandsignage
3624,misc
3626,Food
3629,Food
3630,Decorationandsignage
3632,misc
3633,Food
3635,misc
3636,Food
3637,Attire
3638,misc
3639,Food
3640,Decorationandsignage
3641,Decorationandsignage
3643,Decorationandsignage
3646,Food
3647,Food
3649,Attire
3650,Food
3651,Food
3654,Decorationandsignage
3656,Food
3657,Attire
3658,Attire
3659,Attire
3660,Food
3662,Food
3663,Attire
3664,Food
3665,Attire
3669,Food
3673,Attire
3674,Food
3676,misc
3678,Food
3682,misc
3683,Food
3685,Decorationandsignage
3686,Attire
3688,misc
3692,Food
3693,Attire
3694,Attire
3696,Decorationandsignage
3699,misc
3703,Food
3705,Food
3706,Attire
3707,Food
3710,Food
3711,Attire
3713,misc
3716,Food
3717,misc
3719,Decorationandsignage
3722,Food
3723,Food
3725,misc
3727,Food
3729,misc
3730,misc
3731,Food
3733,Food
3735,Food
3741,misc
3742,Attire
3743,misc
3744,Food
3747,misc
3748,Attire
3749,Attire
3750,Decorationandsignage
3752,Decorationandsignage
3758,Food
3759,Attire
3761,Attire
3763,Decorationandsignage
3764,Decorationandsignage
3767,Attire
3768,Food
3769,Attire
3770,misc
3771,Attire
3772,Food
3775,Attire
3778,Food
3779,Food
3781,Food
3782,Food
3785,Food
3786,Decorationandsignage
3787,Food
3788,Attire
3789,misc
3791,Attire
3793,Food
3799,Decorationandsignage
3800,Attire
3802,misc
3803,Attire
3805,Food
3806,misc
3807,Food
3808,misc
3809,Decorationandsignage
3810,Attire
3811,Food
3815,Food
3816,Attire
3817,Food
3819,Food
3822,Attire
3824,Food
3827,Decorationandsignage
3831,misc
3832,Attire
3833,misc
3837,misc
3838,misc
3840,Food
3842,Food
3843,Food
3844,Decorationandsignage
3845,Food
3846,Decorationandsignage
3849,Food
3851,Attire
3852,Food
3854,Decorationandsignage
3855,misc
3856,Attire
3857,Food
3858,Attire
3860,Food
3861,Decorationandsignage
3863,Food
3866,Food
3869,misc
3875,Food
3877,Food
3878,Food
3879,misc
3880,Attire
3881,Attire
3882,Attire
3885,Decorationandsignage
3886,misc
3887,misc
3890,Decorationandsignage
3892,misc
3894,misc
3898,Food
3899,Food
3901,misc
3902,misc
3903,Attire
3904,misc
3906,Food
3907,Food
3910,Food
3911,Food
3912,Food
3913,Food
3914,misc
3916,misc
3918,Attire
3919,misc
3920,Food
3921,Attire
3927,Food
3928,Attire
3929,Attire
3930,Attire
3931,Food
3933,Food
3936,Food
3937,Decorationandsignage
3940,Food
3941,Decorationandsignage
3943,misc
3944,Food
3947,Food
3952,Food
3956,Attire
3958,Attire
3959,Decorationandsignage
3962,misc
3963,Food
3967,misc
3968,Food
3969,Attire
3971,misc
3973,Food
3974,Food
3976,Food
3979,Attire
3980,Decorationandsignage
3982,Attire
3983,Attire
3984,Food
3985,misc
3986,Food
3987,Food
3990,misc
3991,Attire
3992,Attire
3993,Decorationandsignage
3997,misc
3998,Food
4000,Attire
4001,Attire
4004,Food
4006,misc
4007,Food
4009,Food
4011,Attire
4012,Food
4015,Food
4016,Decorationandsignage
4020,Attire
4021,Attire
4022,Food
4026,Food
4027,Food
4028,Attire
4029,misc
4033,Food
4035,Food
4036,Food
4037,misc
4041,Attire
4042,misc
4044,misc
4045,misc
4048,misc
4050,Decorationandsignage
4051,Food
4055,Attire
4060,Decorationandsignage
4061,Decorationandsignage
4062,Attire
4064,Attire
4066,Food
4069,Attire
4071,Decorationandsignage
4072,Food
4075,Food
4076,misc
4078,Food
4079,Decorationandsignage
4080,misc
4081,Attire
4084,Food
4085,misc
4087,Decorationandsignage
4088,Food
4089,Food
4090,misc
4091,Decorationandsignage
4092,Food
4094,Attire
4095,Food
4096,Decorationandsignage
4097,Attire
4098,Attire
4099,Attire
4102,Food
4103,Food
4105,Food
4106,Food
4107,Food
4109,misc
4112,Attire
4114,Attire
4115,Attire
4116,Food
4119,Food
4120,Food
4121,misc
4122,Food
4129,Food
4130,Attire
4131,misc
4133,Food
4136,Food
4137,Attire
4139,Attire
4140,Food
4144,misc
4146,Food
4148,Attire
4150,Food
4153,Attire
4154,Food
4155,Decorationandsignage
4157,misc
4158,misc
4159,Decorationandsignage
4161,Food
4162,Attire
4163,Decorationandsignage
4166,Decorationandsignage
4167,Decorationandsignage
4171,Food
4174,Food
4175,Attire
4176,Attire
4178,Attire
4187,Decorationandsignage
4188,Attire
4189,Decorationandsignage
4190,misc
4191,Food
4192,Food
4193,Decorationandsignage
4194,Food
4197,Attire
4198,Food
4201,Food
4202,Food
4203,Attire
4204,Decorationandsignage
4206,misc
4208,Food
4209,Decorationandsignage
4210,Attire
4213,Decorationandsignage
4215,Attire
4216,misc
4221,Attire
4224,Decorationandsignage
4226,Food
4229,misc
4230,Food
4236,Attire
4238,Attire
4239,misc
4240,Food
4242,Food
4243,Food
4244,misc
4246,Food
4247,Attire
4249,Food
4251,Food
4254,Food
4255,Food
4256,misc
4257,Attire
4260,Food
4261,misc
4262,Attire
4265,Food
4266,Food
4267,Attire
4269,Food
4272,Food
4273,misc
4279,Food
4281,Food
4282,Food
4283,Food
4285,Food
4287,Food
4288,Decorationandsignage
4289,misc
4290,Attire
4292,Attire
4294,Food
4295,Food
4300,Attire
4301,Attire
4304,Food
4305,misc
4307,Food
4310,misc
4312,misc
4314,misc
4316,Food
4320,misc
4321,Decorationandsignage
4322,misc
4324,Food
4326,Food
4328,misc
4329,misc
4333,Decorationandsignage
4336,Decorationandsignage
4338,Attire
4339,Food
4343,Food
4347,Attire
4348,Food
4349,Attire
4350,Food
4351,Attire
4352,Attire
4353,Attire
4356,Attire
4357,Attire
4358,Food
4359,Attire
4360,Food
4361,Attire
4364,Food
4365,Decorationandsignage
4366,Attire
4368,Attire
4369,Decorationandsignage
4370,misc
4372,Attire
4374,Attire
4378,Attire
4379,misc
4380,Food
4384,misc
4385,Food
4386,misc
4388,Food
4391,Attire
4394,misc
4396,Food
4397,Food
4398,Decorationandsignage
4400,Food
4402,misc
4403,misc
4404,Food
4406,Attire
4407,Decorationandsignage
4409,misc
4413,Attire
4414,Attire
4415,Attire
4416,Food
4420,Food
4422,misc
4423,misc
4425,misc
4426,Food
4427,misc
4429,misc
4430,Decorationandsignage
4432,Attire
4435,Food
4437,Food
4439,Attire
4441,misc
4443,Food
4444,misc
4447,Food
4449,Food
4450,Attire
4451,misc
4453,misc
4455,misc
4457,Attire
4458,misc
4462,Food
4463,misc
4464,Decorationandsignage
4467,Attire
4469,Attire
4470,misc
4472,Food
4474,Food
4479,misc
4482,Food
4483,Decorationandsignage
4484,Food
4485,Food
4488,Food
4489,Food
4490,Food
4491,Decorationandsignage
4492,misc
4493,misc
4494,Food
4495,misc
4496,Attire
4498,Food
4499,misc
4500,Attire
4501,Decorationandsignage
4505,Decorationandsignage
4507,Food
4509,Attire
4511,misc
4512,misc
4515,misc
4517,Decorationandsignage
4520,Decorationandsignage
4522,Attire
4523,Food
4524,Decorationandsignage
4525,misc
4530,Decorationandsignage
4531,Attire
4534,Attire
4535,Attire
4536,Decorationandsignage
4538,Decorationandsignage
4539,Food
4540,Attire
4541,Decorationandsignage
4542,Attire
4543,Decorationandsignage
4544,misc
4545,misc
4548,misc
4550,Attire
4551,misc
4552,Food
4553,Food
4554,Attire
4555,Decorationandsignage
4558,Food
4560,Food
4563,Attire
4566,Food
4568,Attire
4570,Attire
4571,Food
4572,misc
4573,Food
4574,misc
4575,misc
4576,Food
4577,Decorationandsignage
4579,Food
4580,Decorationandsignage
4582,Food
4584,Attire
4586,Attire
4587,Attire
4591,misc
4593,Food
4594,Attire
4595,misc
4598,Food
4599,misc
4600,Attire
4602,misc
4603,misc
4606,Food
4608,Attire
4609,Attire
4613,misc
4614,misc
4615,Attire
4616,Food
4617,misc
4618,Decorationandsignage
4619,misc
4620,Food
4621,Food
4622,Decorationandsignage
4623,misc
4624,misc
4626,Food
4629,Decorationandsignage
4631,Food
4632,Decorationandsignage
4633,Food
4634,Attire
4636,Food
4637,Attire
4638,Decorationandsignage
4641,misc
4642,Attire
4643,Decorationandsignage
4649,Attire
4652,Attire
4653,Food
4655,misc
4656,Attire
4657,Decorationandsignage
4660,Attire
4661,Food
4663,misc
4667,Decorationandsignage
4668,misc
4669,Attire
4670,Attire
4671,Attire
4673,misc
4679,Attire
4681,misc
4684,Decorationandsignage
4685,Food
4686,Food
4688,Attire
4690,Food
4693,misc
4694,Attire
4695,Food
4696,Food
4698,Food
4700,Food
4701,Food
4703,Attire
4705,Decorationandsignage
4707,Attire
4708,misc
4709,misc
4710,Food
4711,Decorationandsignage
4713,Decorationandsignage
4714,Attire
4715,misc
4716,Decorationandsignage
4723,Attire
4725,Attire
4728,Food
4729,misc
4730,Food
4733,misc
4734,Food
4735,Attire
4737,Attire
4738,Food
4739,Food
4741,Food
4743,Food
4744,Attire
4745,Food
4747,Food
4748,misc
4753,misc
4758,Decorationandsignage
4760,Attire
4761,Food
4762,Food
4763,Attire
4764,Food
4765,Food
4768,Food
4773,Attire
4774,Attire
4776,Food
4779,Attire
4783,Attire
4784,misc
4785,Food
4787,Attire
4788,Food
4794,misc
4795,Food
4796,Food
4797,Food
4803,Food
4806,misc
4808,misc
4809,misc
4810,misc
4812,Attire
4814,Food
4815,Attire
4816,Food
4817,misc
4820,Food
4823,Attire
4825,Decorationandsignage
4826,Food
4828,misc
4829,Food
4830,misc
4831,Food
4832,misc
4833,Attire
4834,Decorationandsignage
4840,Attire
4841,Decorationandsignage
4842,Attire
4844,Attire
4845,misc
4847,Food
4850,Attire
4852,Food
4855,misc
4856,Food
4859,Attire
4862,Attire
4864,Food
4865,misc
4868,Food
4869,Attire
4870,Decorationandsignage
4871,Attire
4872,Decorationandsignage
4873,Food
4875,Attire
4876,Food
4878,misc
4879,Attire
4880,Decorationandsignage
4881,Attire
4882,Attire
4883,Decorationandsignage
4885,Food
4888,Attire
4891,misc
4893,Attire
4899,misc
4908,misc
4915,Decorationandsignage
4916,Food
4920,Decorationandsignage
4922,Food
4925,Food
4927,misc
4928,Attire
4930,Decorationandsignage
4933,Food
4935,Attire
4936,misc
4937,Food
4940,Food
4941,Attire
4942,Food
4943,Attire
4944,Attire
4945,Attire
4946,Food
4950,Food
4952,Decorationandsignage
4953,Food
4954,Food
4956,Decorationandsignage
4958,Food
4962,Food
4964,Attire
4966,Food
4969,Food
4971,Food
4973,Decorationandsignage
4974,misc
4975,Food
4976,Food
4978,Decorationandsignage
4979,Food
4981,Attire
4985,Food
4988,Decorationandsignage
4992,misc
4993,Food
4994,Food
4996,Attire
4997,Attire
4998,Attire
4999,Attire
5000,Food
5002,Attire
5004,Decorationandsignage
5005,Food
5007,Attire
5009,Food
5010,Decorationandsignage
5012,Food
5013,Food
5014,Decorationandsignage
5017,Decorationandsignage
5018,misc
5021,Attire
5022,Decorationandsignage
5023,misc
5028,misc
5029,Food
5033,misc
5034,Attire
5035,Attire
5037,Food
5047,Food
5051,misc
5053,Attire
5055,Attire
5056,misc
5058,Attire
5059,misc
5060,Decorationandsignage
5061,Decorationandsignage
5063,Food
5064,Food
5065,Food
5066,Attire
5067,Attire
5069,misc
5070,Attire
5072,Food
5074,Decorationandsignage
5078,Food
5079,Food
5080,Food
5081,Food
5085,Decorationandsignage
5086,Decorationandsignage
5087,Attire
5091,Attire
5092,misc
5093,Decorationandsignage
5096,misc
5100,Attire
5105,Attire
5106,Food
5108,Attire
5109,Food
5110,Food
5113,Attire
5114,Food
5115,Food
5116,Decorationandsignage
5117,Attire
5118,Food
5121,Attire
5122,Attire
5127,Decorationandsignage
5128,Attire
5131,Food
5132,Food
5134,misc
5138,Food
5139,Food
5141,misc
5142,misc
5144,Food
5145,Attire
5153,Attire
5154,misc
5159,Food
5160,Food
5162,Attire
5163,Attire
5167,Decorationandsignage
5168,Food
5172,Food
5174,Attire
5175,Food
5178,Food
5179,Attire
5180,Food
5183,misc
5184,misc
5186,Food
5190,Decorationandsignage
5192,Attire
5193,Food
5195,Food
5197,Food
5199,Food
5200,Attire
5201,misc
5203,misc
5204,Attire
5205,Decorationandsignage
5206,Food
5208,Food
5209,Attire
5212,Attire
5217,Decorationandsignage
5218,Attire
5220,Attire
5221,misc
5223,misc
5224,Attire
5225,Decorationandsignage
5228,Attire
5229,Food
5231,Food
5232,Food
5233,Attire
5238,Decorationandsignage
5239,Decorationandsignage
5241,misc
5243,Food
5247,misc
5251,Food
5257,misc
5258,misc
5259,Food
5260,Food
5262,misc
5263,misc
5265,Food
5276,Food
5277,Food
5278,Decorationandsignage
5280,Food
5282,Food
5284,Food
5285,Food
5286,Attire
5287,Food
5288,misc
5289,Food
5290,Food
5292,Decorationandsignage
5293,Decorationandsignage
5294,Attire
5296,Decorationandsignage
5297,misc
5298,misc
5300,Food
5301,Attire
5303,Food
5304,Food
5305,Food
5306,Food
5307,misc
5308,misc
5309,misc
5312,Food
5313,Attire
5314,misc
5318,Food
5320,Food
5321,Food
5322,misc
5323,Food
5328,Attire
5329,Attire
5334,misc
5336,Food
5338,Food
5340,misc
5341,Food
5342,Food
5343,Food
5344,Food
5345,Food
5346,Attire
5348,misc
5353,Food
5354,Food
5358,Food
5359,Food
5360,Food
5363,Attire
5366,Decorationandsignage
5369,Attire
5370,Food
5372,misc
5373,Attire
5380,misc
5381,Food
5383,Attire
5386,Food
5387,Attire
5388,misc
5390,Attire
5391,Food
5396,Food
5400,Attire
5401,Attire
5402,Food
5403,Attire
5405,misc
5409,misc
5410,Food
5412,Attire
5413,misc
5415,misc
5416,Food
5418,misc
5419,Food
5422,misc
5426,misc
5428,Attire
5429,Attire
5430,misc
5431,Attire
5434,Attire
5436,Food
5438,misc
5444,Decorationandsignage
5446,Food
5447,Food
5452,misc
5453,Food
5454,Food
5457,Food
5458,Attire
5459,misc
5461,Attire
5463,Attire
5464,Food
5465,Food
5469,Food
5471,Food
5473,Attire
5479,Food
5480,Attire
5483,Food
5487,Food
5489,Food
5490,Attire
5491,Attire
5494,Food
5495,Decorationandsignage
5496,Food
5498,Food
5501,Food
5503,Attire
5504,Food
5505,Food
5507,Food
5508,Food
5509,Food
5510,Decorationandsignage
5512,Food
5513,Food
5514,Food
5515,Attire
5517,misc
5519,Decorationandsignage
5523,Attire
5524,Food
5526,Food
5528,Food
5529,Decorationandsignage
5530,Attire
5531,Attire
5532,Food
5534,Attire
5540,Food
5543,Food
5544,Attire
5545,Decorationandsignage
5547,Food
5548,misc
5551,Food
5553,misc
5554,Food
5558,Attire
5559,Food
5560,Attire
5561,misc
5562,Attire
5563,Food
5564,Food
5567,Food
5568,Food
5571,Food
5573,Decorationandsignage
5576,Attire
5578,Decorationandsignage
5580,Decorationandsignage
5581,misc
5584,Attire
5585,Food
5589,misc
5594,Attire
5598,Decorationandsignage
5599,Food
5600,misc
5601,Decorationandsignage
5603,Attire
5606,Attire
5607,Food
5610,Attire
5611,Food
5613,Food
5614,misc
5616,Attire
5617,Food
5618,Food
5619,Food
5622,Attire
5624,Decorationandsignage
5625,misc
5626,Attire
5629,Attire
5631,Food
5633,Food
5635,Attire
5636,Attire
5639,Food
5640,Attire
5642,Decorationandsignage
5643,Attire
5646,Attire
5647,Attire
5649,Food
5650,misc
5651,misc
5653,misc
5656,Food
5658,Attire
5660,misc
5661,misc
5664,Food
5665,Attire
5669,Food
5676,Food
5678,Attire
5679,Attire
5680,misc
5681,Food
5685,Attire
5686,Food
5687,Food
5688,Food
5690,Attire
5694,Decorationandsignage
5695,misc
5696,Food
5698,Food
5699,Food
5700,Food
5701,Food
5702,Food
5703,Attire
5707,Food
5708,misc
5709,misc
5712,Food
5714,Attire
5717,Attire
5718,misc
5719,Food
5720,Attire
5722,Attire
5723,Food
5726,Food
5727,Food
5731,Attire
5735,misc
5738,Food
5739,misc
5742,misc
5746,Decorationandsignage
5747,Food
5748,Food
5749,Attire
5750,misc
5751,Decorationandsignage
5752,Attire
5753,misc
5755,Decorationandsignage
5756,Decorationandsignage
5757,Food
5758,Attire
5759,misc
5762,Attire
5763,misc
5764,Food
5768,misc
5771,Attire
5774,Attire
5775,Food
5776,misc
5778,Attire
5779,misc
5780,Decorationandsignage
5781,Attire
5784,Food
5786,Decorationandsignage
5790,Food
5791,Decorationandsignage
5792,misc
5793,misc
5794,Food
5795,Food
5796,Attire
5798,Attire
5800,Food
5802,Attire
5803,Attire
5804,Food
5807,misc
5808,Food
5809,Attire
5810,Food
5811,misc
5812,misc
5815,misc
5816,Food
5817,Food
5818,Decorationandsignage
5819,misc
5820,misc
5821,Decorationandsignage
5823,Food
5825,misc
5828,Attire
5829,Food
5830,Attire
5831,Attire
5833,Attire
5834,Decorationandsignage
5836,misc
5837,misc
5840,Attire
5841,misc
5844,misc
5845,Food
5846,Attire
5847,Attire
5848,Decorationandsignage
5852,Food
5853,Decorationandsignage
5855,Attire
5856,Food
5859,Food
5860,Food
5863,Food
5864,Decorationandsignage
5865,Attire
5866,Decorationandsignage
5869,Food
5874,Food
5875,Attire
5882,Attire
5883,Attire
5884,Food
5885,Attire
5886,Attire
5887,Food
5888,Decorationandsignage
5889,Attire
5891,Decorationandsignage
5893,Attire
5894,Decorationandsignage
5895,Food
5896,misc
5897,misc
5898,Food
5901,Food
5902,misc
5904,Food
5905,misc
5907,Food
5908,Food
5909,Attire
5910,Food
5911,misc
5912,Food
5913,Attire
5914,misc
5915,Food
5916,Food
5917,Attire
5918,misc
5919,misc
5920,Attire
5922,Attire
5923,Food
5924,Attire
5925,misc
5928,Food
5929,misc
5930,Attire
5931,Food
5933,Food
5936,misc
5938,Attire
5940,Food
5941,Food
5942,Attire
5946,misc
5947,Decorationandsignage
5948,Food
5950,Attire
5951,Food
5952,Attire
5954,Decorationandsignage
5955,Attire
5956,Food
5957,Food
5960,Food
5961,Food
5963,Attire
5965,misc
5966,Food
5971,Decorationandsignage
5972,Food
5973,Attire
5975,Food
5976,Attire
5977,Decorationandsignage
5978,Food
5980,Food
5981,Food
5982,Food
5983,Decorationandsignage
5985,Food
5986,Attire
5989,Attire
5990,Food
5992,misc
5993,Attire
5994,misc
5995,Attire
5997,Food
5998,Food
5999,Food
6001,Decorationandsignage
6002,Attire
6003,Food
6004,Attire
6008,Attire
6011,Attire
6012,Attire
6013,Attire
6015,Food
6017,Food
6018,Food
6022,misc
6023,misc
6024,misc
6027,Attire
6029,Decorationandsignage
6031,Attire
6032,Attire
6041,Food
6042,Attire
6043,Attire
6044,misc
6045,Food
6047,Food
6049,Food
6051,Food
6055,misc
6058,misc
6059,Attire
6060,Decorationandsignage
6061,Decorationandsignage
6064,Decorationandsignage
6069,Attire
6077,Food
6078,misc
6080,misc
6082,misc
6085,Food
6086,misc
6087,Food
6089,Attire
6091,Food
6093,misc
6098,misc
6099,Food
6100,misc
6101,Food
6103,misc
6104,Decorationandsignage
6106,Food
6107,Food
6108,Decorationandsignage
6112,Attire
6114,Attire
6115,Attire
6116,Attire
6117,Food
6118,Decorationandsignage
6121,Decorationandsignage
6126,Decorationandsignage
6127,misc
6131,Attire
6133,Food
6134,misc
6135,misc
6137,misc
6139,Food
6140,Food
6141,misc
6143,Decorationandsignage
6144,Food
6145,Attire
6146,Food
6149,Food
6150,misc
6151,Attire
6152,Attire
6154,Food
6157,Decorationandsignage
6158,misc
6159,Attire
6161,Food
6162,Food
6164,Decorationandsignage
6167,Food
6168,Attire
6171,misc
6172,Food
6173,Attire
6174,Food
6178,Decorationandsignage
6180,misc
6181,Food
6184,Attire
6186,Attire
6188,Decorationandsignage
6190,Food
6192,misc
6195,Food
6196,Food
6197,misc
6198,misc
6203,misc
6206,Decorationandsignage
6208,misc
6209,Attire
6211,Food
6214,Food
6215,Attire
6216,Food
6217,Food
6219,Attire
6220,Decorationandsignage
6222,misc
6225,Food
6226,misc
6229,Food
6233,misc
6235,Decorationandsignage
6238,misc
6240,Food
6241,Food
6244,Food
6247,Food
6248,misc
6249,Attire
6250,Attire
6252,Food
6253,Attire
6254,Food
6258,misc
6259,misc
6261,Attire
6262,Food
6263,Food
6268,Food
6270,Attire
6273,Food
6274,misc
6275,Decorationandsignage
6276,Decorationandsignage
6277,Attire
6279,Food
6280,misc
6281,Food
6283,Food
6284,Food
6287,Attire
6289,Food
6290,misc
6291,Food
6292,Decorationandsignage
6293,Decorationandsignage
6295,Attire
6298,misc
6299,Attire
6300,misc
6301,Food
6302,misc
6303,misc
6304,Food
6306,Food
6307,Food
6309,Attire
6310,Food
6311,Food
6314,Attire
6316,Attire
6318,Attire
6319,Attire
6320,Food
6321,Attire
6323,misc
6325,Food
6326,Food
6327,Attire
6328,Food
6329,Attire
6331,misc
6334,Decorationandsignage
6338,Attire
6340,Food
6341,misc
6342,Food
6343,misc
6344,Decorationandsignage
6345,Attire
6346,Food
6348,misc
6349,Attire
6351,Attire
6355,misc
6356,Food
6358,Food
6360,Food
6361,Food
6363,Food
6365,Food
6366,Attire
6368,Food
6369,Attire
6370,Food
6371,Attire
6372,Attire
6373,Decorationandsignage
6375,misc
6376,Food
6377,misc
6381,Food
6382,Food
6383,Attire
6385,Food
6386,Food
6387,Attire
6388,Food
6389,Food
6394,Decorationandsignage
6395,misc
6396,Attire
6397,misc
6401,Food
6402,misc
6403,Food
6404,Attire
6408,Food
6409,Food
6411,Decorationandsignage
6412,Decorationandsignage
6413,misc
6414,Decorationandsignage
6415,Attire
6416,Attire
6417,Attire
6418,Attire
6420,misc
6421,Decorationandsignage
6424,Food
6425,Attire
6427,Attire
6430,misc
6433,misc
6434,Attire
6436,misc
6438,Decorationandsignage
6440,Attire
6441,Attire
6442,misc
6444,Attire
6445,misc
6446,Food
6447,misc
6450,Decorationandsignage
6451,Food
6453,misc
6454,Decorationandsignage
6455,Attire
6457,Attire
6458,misc
6459,Food
6461,misc
6462,misc
6464,Attire
6466,Food
6468,misc
6469,misc
6471,Attire
6472,Decorationandsignage
6473,Food
6474,Decorationandsignage
6476,misc
6477,Attire
6478,misc
6479,Food
6481,Food
6484,Attire
6485,Attire
6486,misc
6490,Food
6492,Attire
6496,Food
6499,Decorationandsignage
6500,Food
6502,Food
6503,Decorationandsignage
6504,Attire
6506,Food
6509,misc
6518,Attire
6519,misc
6523,Food
6524,Food
6525,Decorationandsignage
6527,Attire
6529,Decorationandsignage
6531,misc
6532,Food
6534,Food
6535,Food
6537,Attire
6541,Food
6542,misc
6545,Attire
6546,Attire
6547,Food
6550,misc
6551,Food
6552,Food
6553,misc
6557,Decorationandsignage
6560,Attire
6563,misc
6564,Decorationandsignage
6565,Decorationandsignage
6567,Attire
6569,misc
6570,Decorationandsignage
6572,Attire
6573,Attire
6576,Food
6580,misc
6583,Food
6584,misc
6585,Attire
6587,Food
6588,Food
6590,Attire
6592,Food
6593,Food
6594,Decorationandsignage
6595,Attire
6597,Attire
6599,Food
6600,misc
6601,Food
6602,Decorationandsignage
6603,Food
6604,Food
6605,Attire
6606,misc
6607,Food
6609,Attire
6611,Food
6612,Attire
6615,Food
6616,misc
6621,misc
6625,Decorationandsignage
6627,Attire
6628,Food
6633,Decorationandsignage
6635,Attire
6638,Food
6639,misc
6641,Attire
6642,Attire
6643,Attire
6644,Attire
6645,Attire
6649,Food
6650,misc
6652,Attire
6653,misc
6655,Decorationandsignage
6656,Decorationandsignage
6660,Food
6661,Food
6662,Attire
6663,Food
6664,misc
6665,Food
6667,Food
6669,Decorationandsignage
6674,Food
6676,Food
6677,Decorationandsignage
6679,Decorationandsignage
6680,Attire
6681,Attire
6683,Attire
6685,Decorationandsignage
6686,Decorationandsignage
6689,Food
6694,misc
6695,misc
6696,Food
6700,Food
6701,Food
6703,Attire
6705,Attire
6707,Attire
6708,Food
6709,misc
6710,Food
6711,Decorationandsignage
6712,Decorationandsignage
6713,Attire
6714,Food
6715,Food
6716,Attire
6718,misc
6720,Attire
6721,misc
6722,Attire
6723,Decorationandsignage
6724,misc
6725,Attire
6727,misc
6730,misc
6731,Food
6735,Decorationandsignage
6736,Food
6739,Decorationandsignage
6740,Attire
6741,Food
6745,Food
6746,Decorationandsignage
6747,Food
6748,Food
6750,Food
6751,Decorationandsignage
6752,misc
6753,Food
6754,Food
6755,Food
6756,Attire
6757,misc
6760,Food
6761,Food
6763,Food
6764,Attire
6765,Decorationandsignage
6767,Food
6768,Food
6769,misc
6770,Decorationandsignage
6771,Attire
6773,Food
6774,Food
6775,Attire
6776,Food
6777,Attire
6779,Food
6780,Food
6781,misc
6783,misc
6785,misc
6786,Decorationandsignage
6788,Attire
6794,Attire
6798,Attire
6799,Attire
6800,Food
6801,Attire
6802,misc
6803,Food
6804,Attire
6806,Food
6808,Food
6812,misc
6813,misc
6814,misc
6816,Food
6819,Food
6821,Decorationandsignage
6823,Attire
6824,misc
6825,Attire
6827,Attire
6829,Attire
6832,Food
6834,Food
6836,misc
6838,Food
6840,misc
6842,Food
6844,misc
6845,Attire
6846,Decorationandsignage
6849,Attire
6850,Attire
6852,Decorationandsignage
6853,Attire
6856,misc
6857,Food
6860,Food
6861,Food
6865,misc
6868,misc
6870,Food
6872,Attire
6873,Food
6874,Food
6875,Food
6876,Decorationandsignage
6879,Attire
6883,Attire
6886,Food
6887,misc
6888,Decorationandsignage
6889,Food
6892,misc
6893,Attire
6894,Food
6895,Attire
6896,Food
6897,Decorationandsignage
6898,Attire
6899,Attire
6901,misc
6902,Attire
6904,Food
6905,misc
6906,Decorationandsignage
6909,Food
6913,Attire
6915,misc
6917,Decorationandsignage
6918,Food
6919,Food
6921,misc
6923,Food
6924,Decorationandsignage
6926,Decorationandsignage
6928,Food
6930,misc
6932,Food
6933,misc
6935,Food
6937,Attire
6938,Food
6939,misc
6940,Attire
6941,Attire
6942,misc
6944,Food
6945,Decorationandsignage
6946,Food
6947,Decorationandsignage
6948,misc
6951,Food
6953,Attire
6955,misc
6956,Food
6959,Food
6960,misc
6961,Food
6964,misc
6965,Food
6966,Decorationandsignage
6967,Decorationandsignage
6970,misc
6971,misc
6973,Food
6974,misc
6975,Attire
6978,Decorationandsignage
6980,Food
6982,Attire
6983,Attire
6986,misc
6988,misc
6989,Attire
6993,Food
6995,Attire
6996,Attire
6997,misc
6999,Food
7002,Food
7004,misc
7005,misc
7006,Attire
7007,Food
7008,misc
7009,Food
7010,misc
7012,Food
7014,Food
7016,Food
7017,Food
7018,Food
7019,Decorationandsignage
7020,Attire
7021,Decorationandsignage
7022,misc
7023,misc
7025,Attire
7027,Attire
7028,misc
7030,misc
7031,Food
7035,Attire
7036,Decorationandsignage
7037,Attire
7038,Food
7039,Attire
7042,Food
7043,Decorationandsignage
7045,misc
7046,Food
7047,Attire
7049,Food
7051,Attire
7052,misc
7053,misc
7054,Attire
7055,misc
7056,Food
7058,misc
7059,Decorationandsignage
7061,Food
7063,Food
7065,misc
7066,Food
7069,Decorationandsignage
7070,Food
7071,Food
7073,Decorationandsignage
7074,Food
7075,Food
7077,Decorationandsignage
7078,Food
7079,Attire
7082,Food
7084,misc
7087,misc
7088,Attire
7089,Food
7093,Food
7094,misc
7095,Food
7100,Decorationandsignage
7101,Food
7102,Attire
7103,Attire
7104,Attire
7109,misc
7112,Food
7113,misc
7114,Food
7119,Attire
7121,Food
7124,Food
7126,misc
7128,Food
7134,Decorationandsignage
7136,Food
7138,Food
7139,Food
7140,Food
7144,Food
7145,Decorationandsignage
7147,Attire
7149,Attire
7150,Food
7151,Attire
7152,misc
7153,Food
7155,Food
7156,Food
7158,misc
7161,Food
7162,Food
7165,Food
7166,Food
7167,Food
7169,Attire
7173,misc
7174,Food
7175,Food
7176,Attire
7179,Decorationandsignage
7180,Food
7181,Food
7183,misc
7184,Food
7186,Food
7189,Food
7191,misc
7192,misc
7197,Food
7200,misc
7201,Attire
7202,Food
7203,Food
7204,Food
7205,Food
7207,Food
7209,Food
7210,Food
7211,Food
7213,Attire
7214,misc
7216,Food
7219,Attire
7221,Attire
7223,misc
7224,Food
7225,Attire
7226,misc
7227,Food
7229,Food
7230,Food
7231,Food
7232,Attire
7233,Attire
7234,misc
7235,misc
7236,Food
7237,misc
7238,misc
7240,misc
7242,Food
7243,misc
7244,Decorationandsignage
7245,Decorationandsignage
7249,Food
7250,Attire
7251,Food
7253,Decorationandsignage
7257,Attire
7258,Food
7260,Food
7261,Food
7262,Food
7265,Attire
7266,Food
7269,Food
7270,Food
7271,misc
7276,misc
7278,Attire
7279,Attire
7280,misc
7282,Food
7284,Attire
7286,misc
7288,Attire
7290,Decorationandsignage
7291,Attire
7292,misc
7293,Decorationandsignage
7298,Food
7299,Decorationandsignage
7300,Food
7302,Attire
7305,Attire
7307,Food
7309,Decorationandsignage
7310,Attire
7314,Food
7316,Attire
7319,Decorationandsignage
7320,misc
7321,Attire
7322,Food
7323,Decorationandsignage
7327,Food
7329,Food
7332,Food
7333,Attire
7335,misc
7336,Food
7337,Attire
7340,Food
7341,Food
7342,Food
7343,Attire
7346,Food
7347,Attire
7348,misc
7349,Food
7350,Attire
7351,misc
7353,misc
7354,misc
7356,Attire
7357,misc
7358,Attire
7359,Attire
7360,misc
7361,misc
7363,Food
7364,Food
7365,Food
7367,Attire
7369,Attire
7372,Decorationandsignage
7374,Attire
7376,Decorationandsignage
7378,misc
7379,Food
7384,Attire
7385,Attire
7387,Attire
7388,Attire
7389,Food
7390,Decorationandsignage
7391,Attire
7392,Food
7393,Attire
7394,Attire
7395,Food
7396,misc
7397,Attire
7398,Decorationandsignage
7401,Food
7402,misc
7404,misc
7409,Attire
7413,Food
7415,Food
7419,Food
7422,Food
7423,Attire
7426,Decorationandsignage
7427,misc
7429,Attire
7432,Food
7439,Attire
7441,Food
7443,Attire
7444,misc
7447,misc
7448,Food
7449,Food
7450,Attire
7451,Food
7452,Food
7453,Attire
7454,Food
7455,Food
7459,misc
7461,misc
7463,Food
7464,Food
7465,Food
7466,misc
7467,Attire
7469,Food
7470,misc
7471,Food
7472,misc
7476,Food
7477,Attire
7480,Food
7481,misc
7483,Food
7484,Food
7486,Decorationandsignage
7488,Food
7489,Attire
7490,misc
7491,Attire
7492,Attire
7493,Food
7494,Decorationandsignage
7496,Decorationandsignage
7497,misc
7500,misc
7502,Food
7504,Food
7507,misc
7508,Food
7510,Food
7514,Decorationandsignage
7515,Decorationandsignage
7521,Decorationandsignage
7522,Decorationandsignage
7525,misc
7526,Food
7527,misc
7531,Decorationandsignage
7532,Food
7538,Attire
7541,Decorationandsignage
7542,Attire
7544,Food
7546,Decorationandsignage
7547,Food
7550,Decorationandsignage
7551,Attire
7552,misc
7553,misc
7554,Attire
7555,misc
7556,Attire
7557,Food
7558,Food
7560,Food
7561,Attire
7562,Decorationandsignage
7563,misc
7567,Food
7568,misc
7570,Food
7571,Food
7573,Attire
7574,Food
7575,misc
7577,Attire
7578,Food
7579,Food
7580,misc
7581,Decorationandsignage
7583,misc
7584,Attire
7586,Food
7587,Food
7589,Attire
7590,misc
7591,Attire
7592,Attire
7593,Food
7594,misc
7596,Food
7598,Decorationandsignage
7600,misc
7602,Food
7605,Food
7607,Food
7608,Attire
7610,misc
7611,Food
7612,Food
7613,Attire
7614,Food
7615,Decorationandsignage
7617,Attire
7618,Attire
7619,misc
7621,misc
7622,Attire
7623,Food
7626,Food
7627,Attire
7629,Food
7630,Food
7635,Attire
7636,Attire
7638,Food
7639,misc
7641,Food
7642,Food
7644,Decorationandsignage
7645,Attire
7648,Food
7650,Food
7651,Attire
7652,Attire
7654,Food
7655,Food
7656,Attire
7661,Decorationandsignage
7662,Food
7665,Food
7668,Attire
7669,Food
7670,Food
7671,Food
7673,Decorationandsignage
7675,Food
7676,Food
7677,Food
7678,Food
7679,Food
7680,Attire
7683,misc
7684,Attire
7686,Food
7687,Food
7688,misc
7689,Food
7690,Food
7691,Attire
7692,Attire
7695,Attire
7696,Food
7697,Food
7698,Decorationandsignage
7700,Food
7701,misc
7702,Decorationandsignage
7703,Food
7705,Food
7706,Food
7707,Attire
7708,Food
7710,Attire
7711,Food
7712,Attire
7713,Attire
7715,Food
7716,Food
7718,misc
7720,Attire
7721,Food
7722,misc
7724,Decorationandsignage
7725,Attire
7726,misc
7728,Attire
7729,Attire
7733,Food
7735,Food
7737,Attire
7739,Attire
7741,Decorationandsignage
7743,Food
7744,Food
7745,Attire
7746,Food
7747,misc
7748,Attire
7750,Decorationandsignage
7754,Attire
7755,Food
7756,Attire
7757,Food
7758,misc
7760,Food
7762,Food
7764,misc
7766,Food
7769,Attire
7770,Food
7771,Food
7773,misc
7774,Decorationandsignage
7775,misc
7777,Attire
7778,Attire
7779,Attire
7780,Attire
7781,Decorationandsignage
7783,Attire
7784,Decorationandsignage
7785,Attire
7786,Attire
7787,Attire
7788,Food
7789,Attire
7790,Food
7794,Attire
7796,Attire
7797,Decorationandsignage
7798,Attire
7799,Attire
7802,Attire
7804,Food
7806,Decorationandsignage
7807,misc
7810,Attire
7811,Food
7813,Attire
7814,misc
7816,Food
7817,misc
7818,Attire
7819,Food
7820,Decorationandsignage
7822,Attire
7823,Food
7824,Food
7828,Decorationandsignage
7829,Food
7830,Food
7831,Attire
7832,misc
7833,Decorationandsignage
7834,Food
7836,misc
7837,Attire
7840,Food
7842,Food
7843,Attire
7846,misc
7848,Food
7849,Food
7851,Food
7854,misc
7855,Food
7858,Food
7861,Food
7863,Attire
7864,misc
7866,Food
7867,misc
7870,Attire
7871,Food
7875,Decorationandsignage
7876,misc
7877,misc
7878,Attire
7880,Attire
7881,misc
7882,Food
7884,Food
7885,Attire
7890,Food
7891,Food
7893,misc
7894,Decorationandsignage
7896,Food
7897,Food
7899,Food
7901,Attire
7902,Food
7904,Food
7906,Attire
7907,Food
7908,misc
7909,Food
7910,Attire
7911,misc
7912,Decorationandsignage
7914,Decorationandsignage
7915,Food
7917,Food
7921,Food
7923,Food
7925,Decorationandsignage
7926,Food
7928,Food
7930,misc
7931,Attire
7933,Food
7935,misc
7936,Attire
7937,misc
7938,misc
7941,Food
7945,Attire
7946,Decorationandsignage
7947,Food
7948,Food
7953,Attire
7955,Attire
7956,Attire
7958,Food
7960,Decorationandsignage
7964,Food
7966,Food
7968,Food
7969,Attire
7970,Food
7971,Attire
7972,Decorationandsignage
7973,Attire
7974,Attire
7976,Decorationandsignage
7978,Food
7979,Attire
7980,misc
7982,Attire
7983,misc
7984,Food
7985,misc
7988,Attire
7990,Food
7991,Decorationandsignage
7997,Attire
7998,Food
7999,Food
8000,misc
8001,Attire
8002,Food
8004,misc
8005,Food
8006,Attire
8008,Decorationandsignage
8009,Decorationandsignage
8010,misc
8012,Decorationandsignage
8014,Attire
8015,Attire
8019,Food
8020,Decorationandsignage
8021,misc
8022,misc
8023,Attire
8029,Food
8031,misc
8034,Decorationandsignage
8035,misc
8036,Food
8037,Attire
8038,Decorationandsignage
8040,Food
8041,Attire
8042,Attire
8043,misc
8044,Food
8045,Food
8046,Food
8047,Food
8048,Decorationandsignage
8050,Attire
8051,Attire
8056,misc
8057,Attire
8060,Food
8061,Food
8062,Food
8063,Decorationandsignage
8065,Decorationandsignage
8066,misc
8069,Attire
8071,Food
8072,Decorationandsignage
8073,Decorationandsignage
8074,Food
8076,Attire
8078,Food
8079,Attire
8081,Food
8082,Attire
8083,Decorationandsignage
8084,Food
8085,misc
8088,misc
8089,misc
8092,Food
8093,Food
8097,Food
8098,Food
8100,Attire
8106,Decorationandsignage
8109,Food
8111,Attire
8112,misc
8113,Food
8114,Attire
8116,Attire
8117,Food
8118,Decorationandsignage
8119,Attire
8122,Food
8124,Attire
8125,Food
8126,Food
8128,Attire
8129,Food
8131,misc
8132,Attire
8133,Attire
8134,misc
8137,Food
8139,Attire
8141,Attire
8142,Food
8143,Attire
8146,misc
8148,Food
8151,Food
8152,Food
8153,Food
8155,Attire
8157,Food
8158,misc
8159,Food
8160,misc
8161,misc
8162,Attire
8163,Food
8166,Decorationandsignage
8168,Attire
8170,Food
8171,Food
8172,Food
8176,Food
8179,Attire
8180,Attire
8181,Food
8182,Attire
8184,misc
8185,misc
8186,Food
8188,Food
8189,misc
8190,Food
8191,Attire
8195,Food
8196,misc
8203,Food
8209,Attire
8210,misc
8211,misc
8212,Attire
8214,Food
8215,Attire
8216,Decorationandsignage
8218,Food
8219,Attire
8221,Attire
8223,Decorationandsignage
8225,misc
8226,misc
8228,misc
8229,Attire
8230,misc
8234,Attire
8235,misc
8236,Food
8237,Attire
8238,misc
8240,Food
8243,Food
8244,Decorationandsignage
8246,misc
8247,misc
8248,Food
8249,Attire
8250,Food
8252,misc
8253,Attire
8255,Food
8256,Food
8258,Food
8259,misc
8260,Attire
8262,Attire
8263,Food
8265,Food
8266,Attire
8272,Attire
8275,Food
8278,Food
8280,Attire
8281,Food
8283,Attire
8284,Food
8285,Food
8286,misc
8287,Attire
8289,Food
8290,Decorationandsignage
8293,Attire
8294,Food
8295,Attire
8296,Food
8297,misc
8298,Food
8301,Attire
8303,Attire
8305,misc
8306,Food
8307,Attire
8308,misc
8309,Decorationandsignage
8310,Decorationandsignage
8313,misc
8314,Decorationandsignage
8315,Food
8316,Food
8319,Food
8320,Attire
8322,Food
8323,Attire
8324,Food
8325,misc
8326,Food
8329,Food
8330,Attire
8331,Food
8332,misc
8336,misc
8337,Attire
8338,misc
8340,misc
8343,Food
8345,Attire
8346,Attire
8348,Attire
8350,misc
8352,Food
8353,Food
8354,Food
8355,Decorationandsignage
8356,Attire
8357,Attire
8359,Attire
8360,misc
8361,Food
8364,Attire
8365,misc
8366,Decorationandsignage
8367,Decorationandsignage
8368,Attire
8370,Food
8371,Food
8372,Attire
8376,Food
8377,Food
8378,Decorationandsignage
8380,Decorationandsignage
8382,Food
8383,Food
8385,Attire
8387,Attire
8388,Food
8390,Food
8391,misc
8392,Food
8393,Attire
8394,misc
8396,Attire
8399,Food
8400,Decorationandsignage
8401,Attire
8403,misc
8405,Decorationandsignage
8406,misc
8407,Food
8408,Attire
8409,Attire
8411,Food
8413,Food
8414,Attire
8415,Decorationandsignage
8416,Food
8418,Attire
8420,Decorationandsignage
8424,Food
8425,misc
8426,Food
8431,Attire
8435,Food
8436,Food
8437,Food
8438,misc
8441,Food
8442,misc
8444,Attire
8445,Attire
8446,Attire
8447,Food
8448,misc
8450,Food
8451,Decorationandsignage
8453,Attire
8454,Food
8455,Attire
8456,Food
8458,Decorationandsignage
8459,Food
8460,misc
8461,Attire
8463,misc
8466,misc
8467,Food
8469,Food
8471,misc
8475,Decorationandsignage
8476,Food
8477,misc
8479,Food
8481,Food
8483,Attire
8484,misc
8486,Food
8488,misc
8491,Attire
8492,Attire
8494,Attire
8496,Attire
8498,Food
8499,misc
8501,Food
8504,Food
8507,Decorationandsignage
8508,Attire
8509,Food
8510,Food
8511,Attire
8512,Food
8514,Decorationandsignage
8515,Decorationandsignage
8516,Attire
8518,Food
8519,Food
8520,misc
8521,Food
8523,Food
8524,Food
8526,Attire
8529,misc
8531,Attire
8533,Food
8534,misc
8535,misc
8536,misc
8539,Food
8540,Attire
8542,misc
8547,Decorationandsignage
8550,Food
8553,Decorationandsignage
8554,Attire
8555,Food
8557,Attire
8559,Food
8560,Attire
8561,Food
8562,Attire
8565,Food
8568,misc
8570,misc
8571,Food
8574,Food
8575,Decorationandsignage
8576,Attire
8580,misc
8581,Decorationandsignage
8582,Decorationandsignage
8583,Attire
8585,Attire
8588,Attire
8589,Attire
8590,Attire
8592,Food
8594,Food
8596,Attire
8597,Food
8598,Food
8602,misc
8605,Food
8606,Food
8608,Food
8609,Decorationandsignage
8611,Attire
8614,Food
8615,misc
8616,Food
8617,Food
8618,Attire
8621,Decorationandsignage
8624,Food
8626,Attire
8627,Attire
8628,Food
8630,Food
8631,Food
8632,Attire
8634,Attire
8635,misc
8636,Decorationandsignage
8637,Food
8639,Attire
8640,Food
8643,misc
8644,Food
8647,misc
8648,Food
8649,Attire
8651,Food
8654,Attire
8655,Food
8659,Food
8661,Attire
8662,misc
8663,Food
8665,Attire
8668,Food
8669,Food
8671,Decorationandsignage
8674,Food
8679,Decorationandsignage
8680,Food
8683,Decorationandsignage
8685,Attire
8687,Food
8689,Attire
8693,Food
8694,Food
8695,Attire
8696,Attire
8697,Attire
8701,Decorationandsignage
8702,Food
8703,Decorationandsignage
8704,Food
8705,Attire
8707,Attire
8712,Food
8713,Attire
8716,Attire
8717,Food
8718,Attire
8719,Attire
8720,Food
8721,misc
8722,Attire
8729,Food
8732,misc
8734,misc
8736,Decorationandsignage
8738,Decorationandsignage
8743,Food
8744,misc
8745,Attire
8746,Food
8747,Attire
8748,Food
8749,misc
8750,Food
8752,Food
8753,Attire
8756,Attire
8757,Attire
8759,Attire
8767,Food
8768,Attire
8769,Food
8770,Food
8771,Attire
8773,misc
8774,misc
8776,Attire
8777,Attire
8778,Attire
8779,Food
8783,misc
8786,Food
8788,Food
8791,Decorationandsignage
8792,misc
8793,Food
8795,Attire
8796,Attire
8797,misc
8798,Food
8799,Attire
8801,misc
8802,misc
8804,Food
8805,misc
8806,Food
8807,misc
8808,Attire
8809,Food
8810,misc
8813,Attire
8814,Food
8815,Food
8816,Attire
8817,Food
8819,misc
8822,misc
8823,misc
8825,Food
8829,Decorationandsignage
8830,Food
8832,Food
8833,Food
8836,Food
8837,Food
8839,Decorationandsignage
8840,misc
8844,misc
8845,Attire
8846,Food
8847,Attire
8848,Attire
8849,misc
8850,misc
8851,Attire
8852,Food
8854,Attire
8857,Attire
8858,Attire
8860,Food
8861,misc
8862,misc
8863,misc
8866,misc
8868,Attire
8869,Food
8870,Food
8871,Decorationandsignage
8872,misc
8873,Food
8875,Food
8876,Food
8877,Attire
8879,Attire
8880,Decorationandsignage
8882,Food
8883,Attire
8884,misc
8886,misc
8887,misc
8888,Food
8890,Attire
8892,Decorationandsignage
8893,misc
8895,Food
8896,Decorationandsignage
8897,Food
8898,Attire
8899,Food
8900,Food
8903,Food
8904,Attire
8905,Food
8906,misc
8907,misc
8908,Attire
8909,Decorationandsignage
8911,misc
8913,misc
8914,Food
8915,misc
8916,Food
8919,Attire
8920,Decorationandsignage
8922,Attire
8925,Food
8926,Attire
8928,Attire
8929,Food
8931,misc
8932,misc
8933,Food
8934,misc
8936,misc
8937,Attire
8939,Food
8940,Attire
8942,Food
8944,Decorationandsignage
8945,Decorationandsignage
8946,Food
8949,Food
8950,Food
8953,Attire
8954,Food
8955,Food
8958,misc
8959,Food
8960,Food
8962,Attire
8963,Decorationandsignage
8964,Food
8969,Food
8970,Attire
8971,Decorationandsignage
8972,Food
8974,misc
8975,Food
8976,Food
8977,Food
8978,Decorationandsignage
8979,Attire
8982,misc
8983,Attire
8984,Decorationandsignage
8985,misc
8986,misc
8987,misc
8989,Attire
8990,misc
8991,Attire
8992,Food
8993,Attire
8995,Food
8996,Attire
8997,Attire
8999,Food
9000,Food
9001,Decorationandsignage
9003,Attire
9007,Food
9008,Food
9009,misc
9011,Attire
9012,Food
9013,misc
9014,misc
9015,Attire
9016,misc
9018,Food
9019,Food
9022,misc
9023,Food
9024,Food
9026,Food
9027,Food
9028,misc
9030,Food
9031,misc
9034,Food
9035,Food
9038,Food
9039,Attire
9041,Decorationandsignage
9042,Attire
9043,Attire
9044,Attire
9045,Decorationandsignage
9046,Food
9047,Food
9048,Attire
9050,Decorationandsignage
9051,Attire
9052,Decorationandsignage
9053,Attire
9054,misc
9055,Decorationandsignage
9056,Attire
9059,Attire
9063,Food
9065,Food
9067,misc
9068,Food
9070,Attire
9071,Attire
9073,Food
9074,Decorationandsignage
9075,Food
9076,Food
9077,misc
9078,Attire
9079,misc
9080,Attire
9082,Food
9083,Attire
9084,Attire
9086,Food
9087,Food
9088,Attire
9091,Attire
9092,misc
9093,Attire
9094,Attire
9096,Decorationandsignage
9099,Food
9100,Attire
9101,Food
9102,misc
9103,misc
9104,Food
9106,Food
9108,Attire
9110,misc
9114,Decorationandsignage
9115,Attire
9117,misc
9122,Food
9124,Attire
9125,misc
9126,Attire
9128,Food
9129,Food
9131,Decorationandsignage
9133,Food
9134,Food
9135,Attire
9136,Decorationandsignage
9137,Attire
9138,Decorationandsignage
9139,misc
9141,Food
9142,misc
9144,misc
9146,Decorationandsignage
9147,misc
9148,Food
9149,misc
9150,Food
9151,Food
9152,Decorationandsignage
9155,Food
9156,Attire
9158,Food
9159,Food
9160,misc
9161,Food
9162,Attire
9164,Attire
9166,misc
9169,Decorationandsignage
9171,misc
9172,misc
9173,Attire
9176,misc
9178,Attire
9179,Food
9180,Attire
9182,Attire
9184,Food
9185,Food
9186,Food
9187,misc
9188,Food
9189,Food
9192,misc
9194,Attire
9195,Food
9196,Decorationandsignage
9197,misc
9198,misc
9201,Food
9203,misc
9204,misc
9205,Food
9209,Food
9210,Attire
9212,Food
9213,misc
9214,Food
9215,Food
9217,Attire
9218,misc
9225,misc
9226,Attire
9227,Attire
9228,Attire
9229,misc
9230,Attire
9231,Food
9232,Decorationandsignage
9233,Food
9235,Food
9237,Attire
9239,Food
9241,Attire
9245,Food
9246,Attire
9247,Attire
9248,misc
9251,misc
9252,misc
9253,Attire
9254,Decorationandsignage
9255,misc
9257,Food
9262,Attire
9263,Food
9264,Attire
9265,Food
9266,Food
9267,Food
9268,Food
9270,misc
9272,Food
9275,misc
9276,misc
9277,Decorationandsignage
9279,misc
9281,Decorationandsignage
9282,misc
9284,Attire
9285,Decorationandsignage
9287,Attire
9288,Food
9289,misc
9290,Food
9292,Food
9294,Food
9295,misc
9297,Food
9298,Attire
9300,Food
9301,Food
9302,misc
9303,Food
9304,Food
9305,Food
9306,Food
9307,misc
9309,Food
9311,Food
9313,misc
9315,misc
9316,Food
9317,Food
9318,Food
9320,Food
9321,Decorationandsignage
9322,Attire
9323,Attire
9324,Food
9325,misc
9326,Food
9327,Food
9328,misc
9329,misc
9331,Food
9335,Food
9336,misc
9337,Food
9338,Attire
9339,Attire
9340,Food
9342,Food
9348,Food
9353,Attire
9354,Food
9355,misc
9356,Attire
9357,Food
9358,misc
9359,Attire
9360,misc
9363,Attire
9364,misc
9365,Food
9366,misc
9367,misc
9369,Decorationandsignage
9370,Food
9371,Food
9373,misc
9375,Attire
9377,Food
9378,Food
9381,Food
9383,Attire
9384,Decorationandsignage
9385,Attire
9386,Attire
9387,Food
9389,Attire
9390,Food
9392,Food
9394,Attire
9395,Food
9396,Decorationandsignage
9397,Attire
9399,Food
9400,misc
9401,misc
9402,Attire
9406,misc
9409,misc
9410,misc
9412,Attire
9413,misc
9414,misc
9415,Food
9416,Food
9417,misc
9421,Decorationandsignage
9424,misc
9426,Food
9427,Food
9428,Food
9430,Decorationandsignage
9431,Attire
9433,Decorationandsignage
9434,Decorationandsignage
9435,Food
9439,Attire
9440,Decorationandsignage
9441,Food
9444,Attire
9446,Food
9447,Food
9450,Food
9451,Attire
9452,misc
9455,misc
9456,Attire
9457,Attire
9459,Attire
9460,misc
9464,Attire
9466,Decorationandsignage
9468,Food
9469,Food
9470,Attire
9471,misc
9473,Food
9474,Attire
9476,Food
9477,Attire
9479,Attire
9483,Attire
9485,misc
9486,Food
9487,Attire
9488,misc
9489,misc
9491,Attire
9494,Food
9496,Decorationandsignage
9497,Food
9498,misc
9500,Decorationandsignage
9502,Attire
9503,Attire
9504,Decorationandsignage
9506,Decorationandsignage
9507,Food
9510,Attire
9512,Decorationandsignage
9513,Food
9514,Food
9515,Food
9516,Food
9519,Food
9520,Attire
9521,Decorationandsignage
9522,misc
9526,Food
9528,misc
9531,Attire
9532,Decorationandsignage
9535,Attire
9536,Attire
9537,Attire
9539,misc
9540,Decorationandsignage
9541,misc
9543,Attire
9544,Attire
9545,misc
9548,Food
9550,Attire
9552,misc
9554,misc
9555,misc
9556,Attire
9559,misc
9560,Food
9564,Food
9566,Food
9567,misc
9568,misc
9569,Decorationandsignage
9570,Attire
9571,Food
9573,misc
9574,Attire
9578,Attire
9579,Attire
9581,Food
9582,Food
9583,Attire
9584,Food
9585,Food
9586,Food
9588,Food
9590,Attire
9591,Food
9592,Attire
9593,Attire
9595,Attire
9598,Attire
9601,Food
9602,misc
9603,misc
9605,Attire
9606,Food
9607,Food
9608,Decorationandsignage
9609,Decorationandsignage
9611,Decorationandsignage
9613,Food
9615,Decorationandsignage
9616,Attire
9618,Food
9620,Food
9621,Food
9622,Food
9623,Attire
9624,misc
9625,Attire
9626,Attire
9628,Attire
9629,Attire
9630,misc
9631,Food
9633,Food
9634,Food
9635,Attire
9636,Attire
9638,Attire
9640,Food
9641,Decorationandsignage
9642,Food
9643,Attire
9644,Food
9645,Attire
9646,Food
9648,misc
9649,Food
9650,Attire
9651,Decorationandsignage
9652,Food
9657,Attire
9658,Attire
9660,Food
9662,Attire
9663,Attire
9667,Food
9668,Attire
9669,Attire
9672,Food
9673,Food
9674,Food
9676,Food
9677,Decorationandsignage
9679,Attire
9680,Attire
9681,misc
9682,Decorationandsignage
9687,Food
9689,Attire
9690,Decorationandsignage
9691,Decorationandsignage
9692,misc
9693,Attire
9694,Attire
9695,Attire
9697,misc
9702,Food
9703,Food
9704,Decorationandsignage
9706,Food
9707,misc
9710,Food
9711,misc
9713,Attire
9714,Food
9715,Food
9716,Attire
9717,Attire
9718,misc
9720,Food
9722,misc
9723,misc
9725,Decorationandsignage
9726,Food
9727,Attire
9728,Food
9730,Attire
9731,Attire
9732,misc
9733,Attire
9734,Food
9735,Attire
9737,Attire
9738,Attire
9739,misc
9740,Food
9741,Attire
9742,Attire
9747,Food
9750,Attire
9751,Food
9752,Food
9754,Food
9756,Food
9757,Attire
9758,Decorationandsignage
9761,Attire
9762,Decorationandsignage
9763,Food
9764,Food
9766,misc
9771,Attire
9773,Decorationandsignage
9775,Attire
9776,Food
9777,Food
9778,Decorationandsignage
9779,Food
9781,misc
9784,Food
9785,misc
9787,Decorationandsignage
9794,misc
9795,Food
9796,Food
9797,Food
9798,Food
9800,misc
9803,Food
9804,misc
9807,Food
9809,Attire
9810,Food
9812,Food
9813,Food
9814,Attire
9815,Decorationandsignage
9816,misc
9817,Food
9818,Attire
9819,Food
9820,Food
9821,Food
9822,Food
9823,Food
9825,misc
9826,misc
9827,misc
9830,misc
9831,Decorationandsignage
9832,Attire
9833,Decorationandsignage
9834,Food
9835,misc
9838,misc
9839,Attire
9840,Decorationandsignage
9841,misc
9842,Food
9843,misc
9844,misc
9845,Attire
9847,Food
9848,Food
9850,Food
9851,Food
9852,Food
9854,Food
9855,Attire
9856,Food
9857,Attire
9859,Attire
9860,misc
9861,Food
9863,misc
9865,Food
9868,Decorationandsignage
9870,Food
9871,Attire
9872,Decorationandsignage
9873,misc
9874,Food
9875,Decorationandsignage
9877,Attire
9880,Decorationandsignage
9883,Food
9886,Attire
9888,Decorationandsignage
9890,Food
9891,Attire
9893,Attire
9894,misc
9895,Food
9896,Attire
9898,Food
9899,Food
9900,Food
9901,Food
9902,misc
9903,Food
9904,Food
9906,Food
9907,misc
9908,Food
9909,Food
9910,Attire
9912,Food
9914,Food
9916,misc
9917,Food
9918,Attire
9919,Food
9922,Attire
9924,Attire
9925,Attire
9926,Food
9927,Food
9929,Attire
9930,Food
9931,Attire
9932,misc
9934,Decorationandsignage
9935,Attire
9937,Food
9938,Food
9940,Attire
9941,Attire
9943,Food
9946,Food
9947,Food
9948,misc
9949,Attire
9950,Food
9952,Attire
9953,misc
9954,misc
9955,Food
9956,Food
9957,Food
9959,Attire
9960,misc
9962,Attire
9963,Attire
9967,Food
9968,Attire
9971,Food
9973,Food
9974,Attire
9976,Attire
9979,Attire
9980,Attire
9981,Food
9982,Food
9983,Food
9984,Attire
9990,Attire
9991,Food
9992,Food
9993,Food
9994,Food
9997,Food
10000,misc
10002,misc
10003,Decorationandsignage
10004,Food
10006,Food
10007,Attire
10011,Food
10013,Food
10015,Attire
10016,Decorationandsignage
10017,Food
10018,misc
10019,Food
10020,Food
10021,misc
10022,Decorationandsignage
10025,Food
10029,Food
10030,Attire
10032,Attire
10033,Food
10034,Attire
10035,Attire
10036,Food
10038,Decorationandsignage
10041,Decorationandsignage
10042,Attire
10043,Food
10045,Food
10048,Attire
10054,Decorationandsignage
10055,Decorationandsignage
10057,Food
10058,Decorationandsignage
10059,Attire
10060,Food
10061,misc
10063,Food
10066,misc
10068,Decorationandsignage
10069,Food
10070,Food
10071,Food
10075,Food
10078,Food
10080,misc
10083,Attire
10085,misc
10086,Decorationandsignage
10087,Food
10089,Attire
10090,misc
10091,Food
10092,Food
10095,Food
10096,Attire
10097,Attire
10100,Food
10101,misc
10104,Food
10106,misc
10107,Decorationandsignage
10108,Attire
10109,Decorationandsignage
10110,Attire
10111,Decorationandsignage
10112,Food
10113,Food
10116,Attire
10117,Decorationandsignage
10118,Attire
10120,Food
10121,Food
10122,Attire
10125,Attire
10126,misc
10127,Food
10128,Food
10129,Food
10130,Attire
10131,Food
10132,Attire
10134,Attire
10135,Food
10136,Attire
10137,misc
10138,Decorationandsignage
10139,Attire
10140,Decorationandsignage
10141,misc
10144,Attire
10148,Attire
10149,misc
10152,Attire
10153,Attire
10154,Food
10155,misc
10156,Attire
10160,Attire
10161,misc
10162,misc
10165,Food
10167,misc
10168,Attire
10171,Attire
10172,Food
10173,Food
10174,misc
10175,Food
10176,Food
10177,Food
10179,Decorationandsignage
10180,Attire
10181,Food
10184,Attire
10185,Food
10186,Food
10187,Food
10188,Food
10189,Decorationandsignage
10190,misc
10192,misc
10193,Attire
10195,Attire
10196,Food
10197,Attire
10198,Food
10199,misc
10202,Attire
10203,Food
10204,Decorationandsignage
10205,Attire
10208,Attire
10209,Food
10211,Food
10212,Attire
10213,misc
10214,Food
10215,misc
10216,misc
10218,Food
10220,Food
10221,Attire
10223,misc
10225,Decorationandsignage
10226,Food
10227,Food
10229,Food
10232,misc
10233,Food
10234,Attire
10235,Food
10237,Attire
10239,Food
10243,Food
10244,Attire
10247,misc
10248,Attire
10251,Decorationandsignage
10253,Attire
10254,Attire
10255,misc
10256,Attire
10257,Decorationandsignage
10258,Decorationandsignage
10259,Food
10260,Attire
10262,misc
10263,misc
10264,misc
10265,Food
10266,misc
10267,misc
10268,Decorationandsignage
10270,Attire
10272,Food
10273,Attire
10274,Attire
10276,Food
10277,Food
10279,Attire
10280,misc
10281,Food
10282,Attire
10283,misc
10284,Attire
10285,Food
10286,Attire
10287,Decorationandsignage
10288,Decorationandsignage
10289,Food
10290,Attire
10291,misc
10293,Food
10295,Food
10296,misc
10298,Food
10299,misc
10301,Food
10303,Attire
10306,Attire
10308,Food
10310,Attire
10311,Food
10312,Decorationandsignage
10313,Attire
10315,misc
10316,Food
10318,Decorationandsignage
10320,Food
10321,Food
10322,Food
10323,Attire
10325,Food
10326,Attire
10328,Food
10329,misc
10331,Attire
10332,Food
10333,Attire
10334,Food
10335,Attire
10336,Attire
10337,Attire
10338,Food
10339,Attire
10341,misc
10343,Attire
10344,Attire
10345,Decorationandsignage
10346,Food
10347,Food
10348,Attire
10351,Decorationandsignage
10352,Attire
10353,Decorationandsignage
10355,Attire
10356,Food
10358,Food
10359,Decorationandsignage
10361,Decorationandsignage
10362,Food
10368,Attire
10369,Decorationandsignage
10371,misc
10372,misc
10373,Attire
10374,Food
10375,Food
10377,Attire
10378,misc
10380,Attire
10381,Food
10382,Decorationandsignage
10383,Attire
10384,Food
10385,Food
10386,Attire
10387,Food
10389,misc
10390,Food
10391,Attire
10392,Decorationandsignage
10393,Attire
10395,Food
10396,Food
10398,Decorationandsignage
10399,misc
10400,Food
10401,Food
10402,Food
10403,misc
10404,Food
10405,Attire
10412,Food
10413,Food
10414,Food
10415,misc
10419,Attire
10422,Decorationandsignage
10423,Attire
10424,Food
10425,Attire
10428,Food
10431,Food
10432,Attire
10434,Attire
10435,Food
10437,Food
10438,Food
10439,Food
10440,Food
10441,Attire
10442,Attire
10443,Attire
10445,misc
10446,Attire
10448,Attire
10449,Food
10453,Food
10454,Food
10458,Food
10460,misc
10462,Food
10463,Attire
10464,Food
10465,Food
10466,misc
10467,Food
10470,Food
10471,Food
10472,Food
10473,misc
10475,Decorationandsignage
10476,Food
10479,Food
10480,Food
10482,Attire
10483,Decorationandsignage
10485,Food
10487,Food
10488,Food
10489,misc
10490,misc
10492,Food
10493,Food
10494,Attire
10495,Food
10496,Attire
10498,Food
10499,Decorationandsignage
10500,Decorationandsignage
10502,Food
10503,Food
10504,Food
10506,misc
10507,misc
10509,misc
10511,Decorationandsignage
10512,misc
10513,Attire
10514,misc
10515,Decorationandsignage
10516,Decorationandsignage
10522,misc
10523,Attire
10525,Attire
10526,Food
10527,Food
10528,Food
10531,misc
10532,Attire
10533,Attire
10534,misc
10535,Decorationandsignage
10536,misc
10538,Attire
10540,Attire
10543,misc
10544,Attire
10545,Attire
10546,Attire
10547,Food
10549,Food
10550,Decorationandsignage
10551,Decorationandsignage
10553,Food
10554,Food
10556,Attire
10557,misc
10559,Decorationandsignage
10560,Food
10561,Food
10563,Food
10564,misc
10565,Attire
10566,Food
10569,misc
10571,Food
10572,Food
10573,Decorationandsignage
10574,Food
10575,Food
10577,Food
10578,Attire
10580,Food
10581,Food
10582,Decorationandsignage
10584,Food
10585,misc
10587,Food
10588,Attire
10589,Attire
10592,Attire
10593,Food
10594,Food
10595,Food
10597,Attire
10599,Food
10600,misc
10601,Attire
10602,misc
10603,Attire
10605,misc
10606,misc
10608,Food
10609,misc
10610,Food
10612,Decorationandsignage
10614,Food
10615,Food
10619,Food
10620,Attire
10621,misc
10626,Food
10627,Decorationandsignage
10629,Decorationandsignage
10630,Decorationandsignage
10631,Decorationandsignage
10633,Attire
10635,Attire
10636,Food
10638,Attire
10639,Food
10641,misc
10642,Food
10644,Attire
10646,Attire
10647,Food
10649,Food
10651,Food
10652,Food
10655,Food
10656,Attire
10657,Food
10658,Food
10660,Attire
10661,misc
10663,Attire
10665,Attire
10666,Food
10667,Food
10668,Food
10672,Food
10673,Attire
10674,Attire
10675,Attire
10676,Attire
10677,Decorationandsignage
10678,misc
10679,Food
10680,Decorationandsignage
10681,misc
10683,misc
10684,Food
10686,Food
10687,misc
10689,misc
10690,Attire
10692,Attire
10693,Food
10696,Attire
10698,Attire
10699,misc
10701,misc
10702,Food
10703,Food
10704,misc
10705,Attire
10706,Food
10707,Food
10708,Decorationandsignage
10709,Attire
10710,Food
10711,Decorationandsignage
10712,misc
10713,Food
10714,misc
10715,misc
10716,misc
10717,Attire
10719,misc
10720,Food
10722,Food
10723,misc
10724,Attire
10726,Attire
10727,Decorationandsignage
10728,Attire
10729,Attire
10730,Decorationandsignage
10732,Attire
10733,misc
10734,misc
10735,Attire
10738,Decorationandsignage
10741,Decorationandsignage
10742,Attire
10745,misc
10750,Food
10751,Attire
10753,Attire
10754,Attire
10757,Attire
10758,Attire
10759,Food
10762,misc
10763,Attire
10766,Food
10767,Food
10769,Food
10771,Food
10773,Attire
10775,Food
10776,Decorationandsignage
10778,Food
10779,Attire
10781,Food
10782,Food
10783,Food
10785,misc
10786,Attire
10787,misc
10790,Decorationandsignage
10791,Food
10792,misc
10793,Attire
10794,misc
10795,Attire
10796,misc
10797,Food
10798,misc
10799,Attire
10800,Attire
10801,Attire
10802,Food
10803,misc
10805,Decorationandsignage
10806,Food
10807,Decorationandsignage
10808,Attire
10811,Attire
10812,Attire
10814,Food
10815,Attire
10816,misc
10817,misc
10818,Decorationandsignage
10820,Attire
10822,Food
10823,misc
10824,Decorationandsignage
10826,Decorationandsignage
10833,Food
10834,Attire
10838,Food
10839,Food
10840,Food
10841,Decorationandsignage
10842,Attire
10843,Attire
10844,Attire
10847,Food
10848,Attire
10849,Food
10851,misc
10852,Food
10853,Attire
10854,Food
10855,Attire
10856,misc
10857,Attire
10861,Food
10862,misc
10863,misc
10864,Food
10865,Decorationandsignage
10866,Food
10868,Food
10869,Food
10870,Food
10873,Food
10875,Attire
10878,Food
10879,Attire
10880,Food
10881,Food
10882,Attire
10883,Food
10885,misc
10887,Food
10888,Food
10890,Food
10891,Attire
10892,misc
